Rank,FeatureNumber,FeatureName,MeanBalancedAccuracyPercent
1,6,Zero Crossings,24.1593567251462
2,18,Median Frequency,23.0811403508772
3,12,Average Rectified Value,23.0372807017544
4,17,Mean Frequency,22.9312865497076
5,1,Waveform Length,22.5073099415205
6,14,Standard Deviation,22.2112573099415
7,3,Root Mean Square,21.8603801169591
8,7,Median,21.8421052631579
9,21,Spectral Entropy,21.7251461988304
10,2,Slope Sign Changes,21.7178362573099
11,9,Maximum,21.6008771929825
12,16,Total Power,21.1476608187135
13,11,Peak-to-Peak,21.0380116959064
14,20,Average Power,20.8552631578947
15,19,Peak Frequency,20.6323099415205
16,13,Variance,20.5921052631579
17,10,Minimum,20.3472222222222
18,15,Skewness,18.2456140350877
19,5,Willison Amplitude,17.2076023391813
20,4,Kurtosis,16.9773391812865
21,8,Mean,12.6681286549708
