FeatureNumber,FeatureName,MeanBalancedAccuracyMeanRank,MeanBalancedAccuracyMedianRank,MedianBalancedAccuracyMeanRank,WorstMeanBalancedAccuracyRank,Top5Appearances,Top10Appearances,MeanNormalizedRank,WorstCaseMeanBalancedAccuracy
1,Waveform Length,2.33333333333333,1,6.33333333333333,5,3,3,0.111111111111111,0.225073099415205
6,Zero Crossings,3,2,2.33333333333333,6,2,3,0.142857142857143,0.241593567251462
14,Standard Deviation,4.33333333333333,5,4,6,2,3,0.206349206349206,0.222112573099415
21,Spectral Entropy,5.66666666666667,4,6.66666666666667,9,2,3,0.26984126984127,0.217251461988304
12,Average Rectified Value,6,7,7.33333333333333,8,1,3,0.285714285714286,0.230372807017544
3,Root Mean Square,6.33333333333333,7,6,9,1,3,0.301587301587302,0.218603801169591
11,Peak-to-Peak,7.66666666666667,7,6.33333333333333,13,1,2,0.365079365079365,0.210380116959064
18,Median Frequency,8.66666666666667,11,11,13,1,1,0.412698412698413,0.230811403508772
10,Minimum,9.33333333333333,6,7.66666666666667,17,1,2,0.444444444444444,0.203472222222222
9,Maximum,10,11,6,11,0,1,0.476190476190476,0.216008771929825
17,Mean Frequency,10.3333333333333,10,12,17,1,2,0.492063492063492,0.215643274853801
16,Total Power,12.3333333333333,12,10,15,0,1,0.587301587301587,0.211476608187135
13,Variance,12.3333333333333,12,12.6666666666667,16,0,1,0.587301587301587,0.205921052631579
20,Average Power,13,13,10.6666666666667,14,0,0,0.619047619047619,0.208552631578947
7,Median,13.3333333333333,16,16.3333333333333,16,0,1,0.634920634920635,0.217616959064327
2,Slope Sign Changes,14,15,15.6666666666667,17,0,1,0.666666666666667,0.217178362573099
19,Peak Frequency,14.3333333333333,14,16.3333333333333,15,0,0,0.682539682539682,0.206323099415205
15,Skewness,18,18,16.6666666666667,18,0,0,0.857142857142857,0.182456140350877
4,Kurtosis,19.3333333333333,19,16.3333333333333,20,0,0,0.920634920634921,0.169773391812865
5,Willison Amplitude,19.6666666666667,20,19.6666666666667,20,0,0,0.936507936507936,0.163413742690058
8,Mean,21,21,21,21,0,0,1,0.126681286549708
