FeatureNumber,MeanTrainingSeconds,MeanPredictionSeconds
1,3.86698478333333,0.0791996111111111
2,14.1671406444444,0.160323272222222
3,4.53293154444444,0.0767066166666666
4,16.0245382166667,0.218688188888889
5,16.6906651333333,0.204225633333333
6,4.78794058333333,0.0807711388888889
7,14.0976316944444,0.16173465
8,17.2993810888889,0.258448838888889
9,6.72417675,0.0945154777777778
10,6.41018385,0.0908046777777778
11,5.82374458888889,0.0854394388888889
12,4.41242574444444,0.0786959944444444
13,5.53878626111111,0.0858561388888889
14,4.42247157222222,0.0725209555555555
15,16.4118465777778,0.178428222222222
16,5.90128647222222,0.0922816277777778
17,8.69372152222222,0.114230255555556
18,11.0586075055556,0.132849594444444
19,14.9885271722222,0.172813088888889
20,5.72049339444444,0.0860050611111111
21,4.17506933888889,0.0718141833333333
